{"southWest": [6.766373153037801, 68.10055226476403], "northEast": [37.07695799999999, 97.38755686813376]}